-- MySQL dump 10.13  Distrib 8.0.34, for Win64 (x86_64)
--
-- Host: localhost    Database: lims
-- ------------------------------------------------------
-- Server version	8.0.34

/*!40101 SET @OLD_CHARACTER_SET_CLIENT=@@CHARACTER_SET_CLIENT */;
/*!40101 SET @OLD_CHARACTER_SET_RESULTS=@@CHARACTER_SET_RESULTS */;
/*!40101 SET @OLD_COLLATION_CONNECTION=@@COLLATION_CONNECTION */;
/*!50503 SET NAMES utf8mb4 */;
/*!40103 SET @OLD_TIME_ZONE=@@TIME_ZONE */;
/*!40103 SET TIME_ZONE='+00:00' */;
/*!40014 SET @OLD_UNIQUE_CHECKS=@@UNIQUE_CHECKS, UNIQUE_CHECKS=0 */;
/*!40014 SET @OLD_FOREIGN_KEY_CHECKS=@@FOREIGN_KEY_CHECKS, FOREIGN_KEY_CHECKS=0 */;
/*!40101 SET @OLD_SQL_MODE=@@SQL_MODE, SQL_MODE='NO_AUTO_VALUE_ON_ZERO' */;
/*!40111 SET @OLD_SQL_NOTES=@@SQL_NOTES, SQL_NOTES=0 */;

--
-- Table structure for table `customer`
--

DROP TABLE IF EXISTS `customer`;
/*!40101 SET @saved_cs_client     = @@character_set_client */;
/*!50503 SET character_set_client = utf8mb4 */;
CREATE TABLE `customer` (
  `id` int NOT NULL AUTO_INCREMENT,
  `customer_id` varchar(20) NOT NULL,
  `reporting_name` varchar(100) NOT NULL,
  `reporting_address` text,
  `billing_name` varchar(100) NOT NULL,
  `billing_address` text,
  `email` varchar(100) DEFAULT NULL,
  `contact` varchar(15) DEFAULT NULL,
  `gst_number` varchar(20) DEFAULT NULL,
  `pan_number` varchar(20) DEFAULT NULL,
  `work_order` varchar(100) DEFAULT NULL,
  PRIMARY KEY (`id`)
) ENGINE=InnoDB AUTO_INCREMENT=31 DEFAULT CHARSET=utf8mb4 COLLATE=utf8mb4_0900_ai_ci;
/*!40101 SET character_set_client = @saved_cs_client */;

--
-- Dumping data for table `customer`
--

LOCK TABLES `customer` WRITE;
/*!40000 ALTER TABLE `customer` DISABLE KEYS */;
INSERT INTO `customer` VALUES (3,'CUST003','LMN Ltd.','789 Oak Road, Villagetown, USA','LMN Ltd.','789 Oak Road, Villagetown, USA','lmn@example.com','+1-567-890-1234','GST7890123','PANLMN789','WO23456'),(4,'CUST004','PQR Enterprises','101 Pine Street, Hamletville, USA','PQR Enterprises','101 Pine Street, Hamletville, USA','pqr@example.com','+1-234-567-8901','GST4567890','PANPQR012','WO78901'),(5,'CUST005','EFG Inc.','222 Cedar Lane, Countryside, USA','EFG Inc.','222 Cedar Lane, Countryside, USA','efg@example.com','+1-345-678-9012','GST2345678','PANEFG345','WO56789'),(6,'CUST006','JKL Solutions','333 Birch Street, Mountainview, USA','JKL Solutions','333 Birch Street, Mountainview, USA','jkl@example.com','+1-456-789-0123','GST8901234','PANJKL678','WO67890'),(7,'CUST007','RST Group','444 Maple Avenue, Lakeside, USA','RST Group','444 Maple Avenue, Lakeside, USA','rst@example.com','+1-567-890-1234','GST3456789','PANRST901','WO12345'),(8,'CUST008','UVW Enterprises','555 Oak Street, Riverdale, USA','UVW Enterprises','555 Oak Street, Riverdale, USA','uvw@example.com','+1-678-901-2345','GST9012345','PANUVW234','WO23456'),(9,'CUST009','MNO Ltd.','666 Elm Road, Hillside, USA','MNO Ltd.','666 Elm Road, Hillside, USA','mno@example.com','+1-789-012-3456','GST0123456','PANMNO567','WO56789'),(10,'CUST010','GHI Inc.','777 Pine Lane, Seaville, USA','GHI Inc.','777 Pine Lane, Seaville, USA','ghi@example.com','+1-890-123-4567','GST1238901','PANGHI890','WO78901'),(11,'CUST011','ABC Company','123 Main Street, Cityville, USA','ABC Company','123 Main Street, Cityville, USA','abc@example.com','+1-123-456-7890','GST1234567','PANABCP123','WO12345'),(12,'CUST012','XYZ Corporation','456 Elm Avenue, Townburg, USA','XYZ Corporation','456 Elm Avenue, Townburg, USA','xyz@example.com','+1-987-654-3210','GST9876543','PANXYZ456','WO67890'),(13,'CUST013','LMN Ltd.','789 Oak Road, Villagetown, USA','LMN Ltd.','789 Oak Road, Villagetown, USA','lmn@example.com','+1-567-890-1234','GST7890123','PANLMN789','WO23456'),(14,'CUST014','PQR Enterprises','101 Pine Street, Hamletville, USA','PQR Enterprises','101 Pine Street, Hamletville, USA','pqr@example.com','+1-234-567-8901','GST4567890','PANPQR012','WO78901'),(15,'CUST015','EFG Inc.','222 Cedar Lane, Countryside, USA','EFG Inc.','222 Cedar Lane, Countryside, USA','efg@example.com','+1-345-678-9012','GST2345678','PANEFG345','WO56789'),(16,'CUST016','JKL Solutions','333 Birch Street, Mountainview, USA','JKL Solutions','333 Birch Street, Mountainview, USA','jkl@example.com','+1-456-789-0123','GST8901234','PANJKL678','WO67890'),(17,'CUST017','RST Group','444 Maple Avenue, Lakeside, USA','RST Group','444 Maple Avenue, Lakeside, USA','rst@example.com','+1-567-890-1234','GST3456789','PANRST901','WO12345'),(18,'CUST018','UVW Enterprises','555 Oak Street, Riverdale, USA','UVW Enterprises','555 Oak Street, Riverdale, USA','uvw@example.com','+1-678-901-2345','GST9012345','PANUVW234','WO23456'),(19,'CUST019','MNO Ltd.','666 Elm Road, Hillside, USA','MNO Ltd.','666 Elm Road, Hillside, USA','mno@example.com','+1-789-012-3456','GST0123456','PANMNO567','WO56789'),(20,'CUST020','GHI Inc.','777 Pine Lane, Seaville, USA','GHI Inc.','777 Pine Lane, Seaville, USA','ghi@example.com','+1-890-123-4567','GST1238901','PANGHI890','WO78901'),(25,'','','','','','','','','','');
/*!40000 ALTER TABLE `customer` ENABLE KEYS */;
UNLOCK TABLES;

--
-- Table structure for table `employee`
--

DROP TABLE IF EXISTS `employee`;
/*!40101 SET @saved_cs_client     = @@character_set_client */;
/*!50503 SET character_set_client = utf8mb4 */;
CREATE TABLE `employee` (
  `id` int NOT NULL AUTO_INCREMENT,
  `emp_id` varchar(20) NOT NULL,
  `first_name` varchar(50) NOT NULL,
  `last_name` varchar(50) NOT NULL,
  `mobile` varchar(15) DEFAULT NULL,
  `personnel_mail` varchar(100) DEFAULT NULL,
  `address` text,
  `additional_info` text,
  `department` varchar(50) DEFAULT NULL,
  `role` varchar(50) DEFAULT NULL,
  `appointed_date` date DEFAULT NULL,
  `salary` decimal(10,2) DEFAULT NULL,
  `branch` varchar(50) DEFAULT NULL,
  `supervisor` varchar(50) DEFAULT NULL,
  `ssc_certificate` varchar(255) DEFAULT NULL,
  `intermediate_certificate` varchar(255) DEFAULT NULL,
  `degree_certificate` varchar(255) DEFAULT NULL,
  `adhar` varchar(255) DEFAULT NULL,
  `pan` varchar(255) DEFAULT NULL,
  `bank_account` varchar(255) DEFAULT NULL,
  `appointment_letter` varchar(255) DEFAULT NULL,
  `profile_image` varchar(255) DEFAULT NULL,
  `dob` date DEFAULT NULL,
  PRIMARY KEY (`id`)
) ENGINE=InnoDB AUTO_INCREMENT=78 DEFAULT CHARSET=utf8mb4 COLLATE=utf8mb4_0900_ai_ci;
/*!40101 SET character_set_client = @saved_cs_client */;

--
-- Dumping data for table `employee`
--

LOCK TABLES `employee` WRITE;
/*!40000 ALTER TABLE `employee` DISABLE KEYS */;
INSERT INTO `employee` VALUES (1,'E001','John-keka','Doe','1234567890','john.doe@example.com','123 Main St','Additional info 1','HR','Manager','1990-01-12',55000.00,'Head Office','Jane Supervisor',NULL,NULL,NULL,NULL,NULL,NULL,NULL,NULL,'1990-01-12'),(2,'E002','Jane','Smith','9876543210','jane.smith@example.com','456 Elm St','Additional info 2','IT','Developer','2023-09-15',60000.00,'Tech Center','John Manager',NULL,NULL,NULL,NULL,NULL,NULL,NULL,NULL,'1985-05-20'),(3,'E003','Robert','Johnson','5555555555','robert.j@example.com','789 Oak St','Additional info 3','Finance','Accountant','2023-09-15',48000.00,'Finance Office','Amy Supervisor',NULL,NULL,NULL,NULL,NULL,NULL,NULL,NULL,'1982-03-10'),(4,'E004','Sarah','Wilson','1112223333','sarah.w@example.com','321 Birch St','Additional info 4','Sales','Salesperson','2023-09-15',52000.00,'Sales Office','Michael Manager',NULL,NULL,NULL,NULL,NULL,NULL,NULL,NULL,'1993-07-05'),(5,'E005','David','Brown','4443332222','david.b@example.com','567 Cedar St','Additional info 5','Marketing','Marketing Specialist','2023-09-15',58000.00,'Marketing Office','Susan Supervisor',NULL,NULL,NULL,NULL,NULL,NULL,NULL,NULL,'1988-12-18'),(6,'E006','Emily','Davis','9998887777','emily.d@example.com','101 Pine St','Additional info 6','HR','HR Assistant','2023-09-15',48000.00,'Head Office','Jane Supervisor',NULL,NULL,NULL,NULL,NULL,NULL,NULL,NULL,'1995-11-28'),(7,'E007','Michael','Johnson','7776665555','michael.j@example.com','222 Oak St','Additional info 7','IT','Database Administrator','2023-09-15',65000.00,'Tech Center','John Manager',NULL,NULL,NULL,NULL,NULL,NULL,NULL,NULL,'1983-09-02'),(8,'E008','Olivia','Miller','5557774444','olivia.m@example.com','654 Elm St','Additional info 8','Finance','Financial Analyst','2023-09-15',52000.00,'Finance Office','Amy Supervisor',NULL,NULL,NULL,NULL,NULL,NULL,NULL,NULL,'1992-04-12'),(9,'E009','Ethan','Garcia','1239874560','ethan.g@example.com','777 Maple St','Additional info 9','Sales','Sales Manager','2023-09-15',75000.00,'Sales Office','Michael Manager',NULL,NULL,NULL,NULL,NULL,NULL,NULL,NULL,'1997-06-21'),(10,'E010','Sophia','Anderson','8889990000','sophia.a@example.com','987 Birch St','Additional info 10','Marketing','Marketing Manager','2023-09-15',68000.00,'Marketing Office','Susan Supervisor',NULL,NULL,NULL,NULL,NULL,NULL,NULL,NULL,'1991-10-03'),(11,'E011','Liam','Wilson','3332221111','liam.w@example.com','444 Cedar St','Additional info 11','HR','HR Manager','2023-09-15',72000.00,'Head Office','Jane Supervisor',NULL,NULL,NULL,NULL,NULL,NULL,NULL,NULL,'1987-08-07'),(12,'E012','Ava','Smith','9993337777','ava.s@example.com','555 Oak St','Additional info 12','IT','Software Engineer','2023-09-15',62000.00,'Tech Center','John Manager',NULL,NULL,NULL,NULL,NULL,NULL,NULL,NULL,'1994-03-25'),(13,'E013','Noah','Davis','2226667777','noah.d@example.com','333 Elm St','Additional info 13','Finance','Financial Analyst','2023-09-15',54000.00,'Finance Office','Amy Supervisor',NULL,NULL,NULL,NULL,NULL,NULL,NULL,NULL,'1989-02-14'),(14,'E014','Emma','Johnson','4445556666','emma.j@example.com','111 Pine St','Additional info 14','Sales','Salesperson','2023-09-15',53000.00,'Sales Office','Michael Manager',NULL,NULL,NULL,NULL,NULL,NULL,NULL,NULL,'1996-01-08'),(15,'E015','Mason','Miller','5554443333','mason.m@example.com','888 Birch St','Additional info 15','Marketing','Marketing Specialist','2023-09-15',57000.00,'Marketing Office','Susan Supervisor',NULL,NULL,NULL,NULL,NULL,NULL,NULL,NULL,'1986-06-13'),(16,'E016','Isabella','Harris','7778889999','isabella.h@example.com','555 Cedar St','Additional info 16','HR','HR Assistant','2023-09-15',49000.00,'Head Office','Jane Supervisor',NULL,NULL,NULL,NULL,NULL,NULL,NULL,NULL,'1990-09-30'),(17,'E017','Liam','Garcia','1234567890','liam.g@example.com','777 Oak St','Additional info 17','IT','Database Administrator','2023-09-15',67000.00,'Tech Center','John Manager',NULL,NULL,NULL,NULL,NULL,NULL,NULL,NULL,'1998-07-17'),(18,'E018','Olivia','Anderson','5556667777','olivia.a@example.com','333 Elm St','Additional info 18','Finance','Financial Analyst','2023-09-15',51000.00,'Finance Office','Amy Supervisor',NULL,NULL,NULL,NULL,NULL,NULL,NULL,NULL,'1993-04-28'),(19,'E019','Ethan','Davis','9876543210','ethan.d@example.com','222 Birch St','Additional info 19','Sales','Sales Manager','2023-09-15',72000.00,'Sales Office','Michael Manager',NULL,NULL,NULL,NULL,NULL,NULL,NULL,NULL,'1994-10-12'),(20,'E020','Sophia','Smith','5555555555','sophia.s@example.com','444 Cedar St','Additional info 20','Marketing','Marketing Manager','2023-09-15',68000.00,'Marketing Office','Susan Supervisor',NULL,NULL,NULL,NULL,NULL,NULL,NULL,NULL,'1996-12-04'),(21,'E021','William','Martinez','7778889999','william.m@example.com','123 Oak St','Additional info 21','IT','Software Engineer','2023-09-15',62000.00,'Tech Center','John Manager',NULL,NULL,NULL,NULL,NULL,NULL,NULL,NULL,'1991-02-19'),(22,'E022','Sophia','Garcia','5554443333','sophia.g@example.com','789 Elm St','Additional info 22','Finance','Financial Analyst','2023-09-15',54000.00,'Finance Office','Amy Supervisor',NULL,NULL,NULL,NULL,NULL,NULL,NULL,NULL,'1994-06-30'),(23,'E023','Benjamin','Robinson','4445556666','benjamin.r@example.com','987 Birch St','Additional info 23','Sales','Salesperson','2023-09-15',53000.00,'Sales Office','Michael Manager',NULL,NULL,NULL,NULL,NULL,NULL,NULL,NULL,'1988-09-08'),(24,'E024','Olivia','Brown','5556667777','olivia.b@example.com','456 Cedar St','Additional info 24','Marketing','Marketing Specialist','2023-09-15',57000.00,'Marketing Office','Susan Supervisor',NULL,NULL,NULL,NULL,NULL,NULL,NULL,NULL,'1993-03-15'),(25,'E025','James','Hernandez','1239874560','james.h@example.com','101 Elm St','Additional info 25','HR','HR Assistant','2023-09-15',49000.00,'Head Office','Jane Supervisor',NULL,NULL,NULL,NULL,NULL,NULL,NULL,NULL,'1992-05-22'),(26,'E026','Elizabeth','Thompson','5557774444','elizabeth.t@example.com','789 Oak St','Additional info 26','IT','Database Administrator','2023-09-15',67000.00,'Tech Center','John Manager',NULL,NULL,NULL,NULL,NULL,NULL,NULL,NULL,'1997-10-07'),(27,'E027','Michael','Gonzalez','2226667777','michael.g@example.com','333 Maple St','Additional info 27','Finance','Financial Analyst','2023-09-15',51000.00,'Finance Office','Amy Supervisor',NULL,NULL,NULL,NULL,NULL,NULL,NULL,NULL,'1989-12-12'),(28,'E028','Ava','Rodriguez','4443332222','ava.r@example.com','456 Oak St','Additional info 28','Sales','Sales Manager','2023-09-15',72000.00,'Sales Office','Michael Manager',NULL,NULL,NULL,NULL,NULL,NULL,NULL,NULL,'1994-01-25'),(29,'E029','Noah','Perez','9998887777','noah.p@example.com','567 Cedar St','Additional info 29','Marketing','Marketing Manager','2023-09-15',68000.00,'Marketing Office','Susan Supervisor',NULL,NULL,NULL,NULL,NULL,NULL,NULL,NULL,'1996-04-03'),(30,'E030','Oliver','Lopez','7776665555','oliver.l@example.com','222 Pine St','Additional info 30','HR','HR Manager','2023-09-15',72000.00,'Head Office','Jane Supervisor',NULL,NULL,NULL,NULL,NULL,NULL,NULL,NULL,'1990-08-20'),(31,'E031','Chloe','Lee','3332221111','chloe.l@example.com','987 Oak St','Additional info 31','IT','Software Engineer','2023-09-15',62000.00,'Tech Center','John Manager',NULL,NULL,NULL,NULL,NULL,NULL,NULL,NULL,'1998-11-01'),(32,'E032','Henry','Wright','9993337777','henry.w@example.com','101 Birch St','Additional info 32','Finance','Financial Analyst','2023-09-15',54000.00,'Finance Office','Amy Supervisor',NULL,NULL,NULL,NULL,NULL,NULL,NULL,NULL,'1993-07-12'),(33,'E033','Grace','Taylor','5555555555','grace.t@example.com','444 Cedar St','Additional info 33','Sales','Salesperson','2023-09-15',53000.00,'Sales Office','Michael Manager',NULL,NULL,NULL,NULL,NULL,NULL,NULL,NULL,'1992-09-24'),(34,'E034','Liam','Harris','5554443333','liam.h@example.com','777 Elm St','Additional info 34','Marketing','Marketing Specialist','2023-09-15',57000.00,'Marketing Office','Susan Supervisor',NULL,NULL,NULL,NULL,NULL,NULL,NULL,NULL,'1991-06-29'),(35,'E035','Sophia','King','9876543210','sophia.k@example.com','123 Oak St','Additional info 35','HR','HR Assistant','2023-09-15',49000.00,'Head Office','Jane Supervisor',NULL,NULL,NULL,NULL,NULL,NULL,NULL,NULL,'1988-04-18'),(36,'E036','William','Walker','4445556666','william.w@example.com','333 Maple St','Additional info 36','IT','Database Administrator','2023-09-15',67000.00,'Tech Center','John Manager',NULL,NULL,NULL,NULL,NULL,NULL,NULL,NULL,'1997-05-14'),(48,'E00023','sreeja','jangala','9988776655','undefined','One or more files are missing.One or more files are missing.One or more files are missing.One or more files are missing.One or more files are missing.','One or more files are missing.One or more files are missing.One or more files are missing.','IT','Developer','2023-10-11',778899.00,'VIZAG','Praveen','C:UsersHPDesktopserverpublicemployeeE00023Mentor Mantra session flow.pdf','C:UsersHPDesktopserverpublicemployeeE00023Mentor Mantra session flow.pdf','C:UsersHPDesktopserverpublicemployeeE00023Mentor Mantra session flow.pdf','C:UsersHPDesktopserverpublicemployeeE00023Mentor Mantra session flow.pdf','C:UsersHPDesktopserverpublicemployeeE00023Mentor Mantra session flow.pdf','C:UsersHPDesktopserverpublicemployeeE00023Mentor Mantra session flow.pdf','C:UsersHPDesktopserverpublicemployeeE00023Mentor Mantra session flow.pdf','C:UsersHPDesktopserverpublicemployeeE00023WhatsApp Image 2023-09-26 at 4.22.18 PM.jpeg','1999-10-10'),(49,'Ekeka','sreeja','jangala','9988776655','undefined','One or more files are missing.One or more files are missing.One or more files are missing.One or more files are missing.One or more files are missing.','One or more files are missing.One or more files are missing.One or more files are missing.','IT','Developer','2023-10-11',778899.00,'VIZAG','Praveen','C:UsersHPDesktopserverpublicemployeeEkekaMentor Mantra session flow.pdf','C:UsersHPDesktopserverpublicemployeeEkekaMentor Mantra session flow.pdf','C:UsersHPDesktopserverpublicemployeeEkekaMentor Mantra session flow.pdf','C:UsersHPDesktopserverpublicemployeeEkekaMentor Mantra session flow.pdf','C:UsersHPDesktopserverpublicemployeeEkekaMentor Mantra session flow.pdf','C:UsersHPDesktopserverpublicemployeeEkekaMentor Mantra session flow.pdf','C:UsersHPDesktopserverpublicemployeeEkekaMentor Mantra session flow.pdf','C:UsersHPDesktopserverpublicemployeeEkekaWhatsApp Image 2023-09-26 at 4.22.18 PM.jpeg','1999-10-10'),(50,'E3061','sreeja','jangala','9988776655','undefined','One or more files are missing.One or more files are missing.One or more files are missing.One or more files are missing.One or more files are missing.','One or more files are missing.One or more files are missing.One or more files are missing.','IT','Developer','2023-10-11',778899.00,'VIZAG','Praveen','C:UsersHPDesktopserverpublicemployeeE3061key-fact-statement.pdf','C:UsersHPDesktopserverpublicemployeeE3061Pavan Marapalli_IDCard.pdf','C:UsersHPDesktopserverpublicemployeeE3061Pavan Marapalli-Payslip - Jan-2023.pdf','C:UsersHPDesktopserverpublicemployeeE3061Mentor Mantra session flow.pdf','C:UsersHPDesktopserverpublicemployeeE3061data.xlsx','C:UsersHPDesktopserverpublicemployeeE3061Pavan Marapalli_IDCard (1).pdf','C:UsersHPDesktopserverpublicemployeeE30611689851010742_keka-Form-16-encrypted.pdf','C:UsersHPDesktopserverpublicemployeeE3061WhatsApp Image 2023-09-26 at 4.22.18 PM.jpeg','1999-10-10'),(51,'E3062','sreeja','jangala','9988776655','undefined','One or more files are missing.One or more files are missing.One or more files are missing.One or more files are missing.One or more files are missing.','One or more files are missing.One or more files are missing.One or more files are missing.','IT','Developer','2023-10-11',778899.00,'VIZAG','Praveen','C:UsersHPDesktopserverpublicemployeeE3062key-fact-statement.pdf','C:UsersHPDesktopserverpublicemployeeE3062Pavan Marapalli_IDCard.pdf','C:UsersHPDesktopserverpublicemployeeE3062Pavan Marapalli-Payslip - Jan-2023.pdf','C:UsersHPDesktopserverpublicemployeeE3062Mentor Mantra session flow.pdf','C:UsersHPDesktopserverpublicemployeeE3062data.xlsx','C:UsersHPDesktopserverpublicemployeeE3062Pavan Marapalli_IDCard (1).pdf','C:UsersHPDesktopserverpublicemployeeE30621689851010742_keka-Form-16-encrypted.pdf','C:UsersHPDesktopserverpublicemployeeE3062WhatsApp Image 2023-09-26 at 4.22.18 PM.jpeg','1999-10-10'),(53,'','','','','','','','','','2023-09-23',78000.00,'','','C:UsersHPDesktopserverpublicemployeePavan Marapalli_IDCard.pdf','C:UsersHPDesktopserverpublicemployeePavan Marapalli-Payslip - Feb-2023.pdf','C:UsersHPDesktopserverpublicemployeePavan Marapalli-Payslip - Jan-2023.pdf','C:UsersHPDesktopserverpublicemployee1689851010742_keka-Form-16-encrypted.pdf','C:UsersHPDesktopserverpublicemployee1686927467409_1686712456930_Socult-Assignment.pdf','C:UsersHPDesktopserverpublicemployeekey-fact-statement.pdf','C:UsersHPDesktopserverpublicemployeeOffer Letter - Pavan Marapalli.pdf','C:UsersHPDesktopserverpublicemployeeNetwork-Map-small-min.jpg','2023-09-23'),(61,'E12341234234567ui','kkkkkkkkkkkkkkkkkkkkkkkkkkkkkkkkkkkkkkkkkkkkk','Marapalli','8179769162','qwertyuio@gmail.com','tyadgkufsjlzncvsvvxzcv','fyskhjsdvfxvxcv','IT','Developer','2023-09-16',78000.00,'VIZAG','Jane Supervisor','C:UsersHPDesktopserverpublicemployeeE12341234234567uissc_certificate-E12341234234567ui.pdf','C:UsersHPDesktopserverpublicemployeeE12341234234567uiintermediate_certificate-E12341234234567ui.pdf','C:UsersHPDesktopserverpublicemployeeE12341234234567uidegree_certificate-E12341234234567ui.pdf','C:UsersHPDesktopserverpublicemployeeE12341234234567uiadhar-E12341234234567ui.pdf','C:UsersHPDesktopserverpublicemployeeE12341234234567uipan-E12341234234567ui.pdf','C:UsersHPDesktopserverpublicemployeeE12341234234567uiank_account-E12341234234567ui.pdf','C:UsersHPDesktopserverpublicemployeeE12341234234567uiappointment_letter-E12341234234567ui.pdf','C:UsersHPDesktopserverpublicemployeeE12341234234567uiprofile_image-E12341234234567ui.jpg','2023-09-16'),(62,'E3456789asd','kkkkkkkkkkkkkkkkkkkkkkkkkkkkkkkkkkkkkkkkkkkkk','Marapalli','8179769162','qwertyuio@gmail.com','Czxczxcvxcv','zxvxcvcxvzcx','HR','Developer','2023-09-15',78000.00,'VIZAG','Jane Supervisor','C:UsersHPDesktopserverpublicemployeeE3456789asdssc_certificate-E3456789asd.pdf','C:UsersHPDesktopserverpublicemployeeE3456789asdintermediate_certificate-E3456789asd.pdf','C:UsersHPDesktopserverpublicemployeeE3456789asddegree_certificate-E3456789asd.pdf','C:UsersHPDesktopserverpublicemployeeE3456789asdadhar-E3456789asd.pdf','C:UsersHPDesktopserverpublicemployeeE3456789asdpan-E3456789asd.pdf','C:UsersHPDesktopserverpublicemployeeE3456789asdank_account-E3456789asd.pdf','C:UsersHPDesktopserverpublicemployeeE3456789asdappointment_letter-E3456789asd.pdf','C:UsersHPDesktopserverpublicemployeeE3456789asdprofile_image-E3456789asd.jpg','2023-09-02'),(63,'E3456789kkg','qqqqqqqqqqqqqqqqqqqqqqqqqqqqqqq','Marapalli','8179769162','ertyui@wertyu.ertyu','ersdxctfgvyhuijofgvbhjkmlfsdvd  dsgdf','ds gdsfgdfgdf dfg','HR','Developer','2023-09-29',55000.00,'VIZAG','Jane Supervisor','C:\\Users\\HP\\Desktop\\server\\public\\employee\\E3456789kkg\\ssc_certificate-E3456789kkg.pdf','C:\\Users\\HP\\Desktop\\server\\public\\employee\\E3456789kkg\\intermediate_certificate-E3456789kkg.pdf','C:\\Users\\HP\\Desktop\\server\\public\\employee\\E3456789kkg\\degree_certificate-E3456789kkg.pdf','C:\\Users\\HP\\Desktop\\server\\public\\employee\\E3456789kkg\\adhar-E3456789kkg.pdf','C:\\Users\\HP\\Desktop\\server\\public\\employee\\E3456789kkg\\pan-E3456789kkg.pdf','C:\\Users\\HP\\Desktop\\server\\public\\employee\\E3456789kkg\\bank_account-E3456789kkg.pdf','C:\\Users\\HP\\Desktop\\server\\public\\employee\\E3456789kkg\\appointment_letter-E3456789kkg.pdf','C:\\Users\\HP\\Desktop\\server\\public\\employee\\E3456789kkg\\profile_image-E3456789kkg.jpg','2023-09-29'),(64,'EKKKKK','kkkkkkkkkkkkkkkkkkkkkkkkkkkkkkkkkkkkkkkkkkkkk','Marapalli','8179769162','ertyui@wertyu.ertyu','This code updates the employee details in the database based on the provided fields in the request body, including any changes .','This code updates the employee details in the database based on the provided fields in the request body, including any changes ','IT','Developer','2023-09-16',78000.00,'VIZAG','Jane Supervisor','C:\\Users\\HP\\Desktop\\server\\public\\employee\\EKKKKK\\ssc_certificate-EKKKKK.pdf','C:\\Users\\HP\\Desktop\\server\\public\\employee\\EKKKKK\\intermediate_certificate-EKKKKK.pdf','C:\\Users\\HP\\Desktop\\server\\public\\employee\\EKKKKK\\degree_certificate-EKKKKK.pdf','C:\\Users\\HP\\Desktop\\server\\public\\employee\\EKKKKK\\adhar-EKKKKK.pdf','C:\\Users\\HP\\Desktop\\server\\public\\employee\\EKKKKK\\pan-EKKKKK.pdf','C:\\Users\\HP\\Desktop\\server\\public\\employee\\EKKKKK\\bank_account-EKKKKK.pdf','C:\\Users\\HP\\Desktop\\server\\public\\employee\\EKKKKK\\appointment_letter-EKKKKK.pdf','C:\\Users\\HP\\Desktop\\server\\public\\employee\\EKKKKK\\profile_image-EKKKKK.jpg','2023-10-07'),(65,'EKKKKKkk','kkkkkkkkkkkkkkkkkkkkkkkkkkkkkkkkkkkkkkkkkkkkk','Marapalli','8179769162','ertyui@wertyu.ertyu','This code updates the employee details in the database based on the provided fields in the request body, including any changes .','This code updates the employee details in the database based on the provided fields in the request body, including any changes ','IT','Developer','2023-09-16',78000.00,'VIZAG','Jane Supervisor','C:\\Users\\HP\\Desktop\\server\\public\\employee\\EKKKKKkk\\ssc_certificate-EKKKKKkk.pdf','C:\\Users\\HP\\Desktop\\server\\public\\employee\\EKKKKKkk\\intermediate_certificate-EKKKKKkk.pdf','C:\\Users\\HP\\Desktop\\server\\public\\employee\\EKKKKKkk\\degree_certificate-EKKKKKkk.pdf','C:\\Users\\HP\\Desktop\\server\\public\\employee\\EKKKKKkk\\adhar-EKKKKKkk.pdf','C:\\Users\\HP\\Desktop\\server\\public\\employee\\EKKKKKkk\\pan-EKKKKKkk.pdf','C:\\Users\\HP\\Desktop\\server\\public\\employee\\EKKKKKkk\\bank_account-EKKKKKkk.pdf','C:\\Users\\HP\\Desktop\\server\\public\\employee\\EKKKKKkk\\appointment_letter-EKKKKKkk.pdf','C:\\Users\\HP\\Desktop\\server\\public\\employee\\EKKKKKkk\\profile_image-EKKKKKkk.jpg','2023-10-07'),(66,'E3456789rraa','kkkkkkkkkkkkkkkkkkkkkkkkkkkkkkkkkkkkkkkkkkkkk','','','qwertyuio@gmail.com','const form = event.currentTarget as HTMLFormElement;const form = event.currentTarget as HTMLFormElement;const form = event.currentTarget as HTMLFormElement;','const form = event.currentTarget as HTMLFormElement;const form = event.currentTarget as HTMLFormElement;const form = event.currentTarget as HTMLFormElement;','IT','Developer','2023-09-16',78000.00,'VIZAG','Jane Supervisor','C:\\Users\\HP\\Desktop\\server\\public\\employee\\E3456789rraa\\ssc_certificate-E3456789rraa.pdf','C:\\Users\\HP\\Desktop\\server\\public\\employee\\E3456789rraa\\intermediate_certificate-E3456789rraa.pdf','C:\\Users\\HP\\Desktop\\server\\public\\employee\\E3456789rraa\\degree_certificate-E3456789rraa.pdf','C:\\Users\\HP\\Desktop\\server\\public\\employee\\E3456789rraa\\adhar-E3456789rraa.pdf','C:\\Users\\HP\\Desktop\\server\\public\\employee\\E3456789rraa\\pan-E3456789rraa.pdf','C:\\Users\\HP\\Desktop\\server\\public\\employee\\E3456789rraa\\bank_account-E3456789rraa.pdf','C:\\Users\\HP\\Desktop\\server\\public\\employee\\E3456789rraa\\appointment_letter-E3456789rraa.pdf','C:\\Users\\HP\\Desktop\\server\\public\\employee\\E3456789rraa\\profile_image-E3456789rraa.jpg','2023-09-29'),(67,'E3456789rraaasda','kkkkkkkkkkkkkkkkkkkkkkkkkkkkkkkkkkkkkkkkkkkkk','','','qwertyuio@gmail.com','const form = event.currentTarget as HTMLFormElement;const form = event.currentTarget as HTMLFormElement;const form = event.currentTarget as HTMLFormElement;','const form = event.currentTarget as HTMLFormElement;const form = event.currentTarget as HTMLFormElement;const form = event.currentTarget as HTMLFormElement;','IT','Developer','2023-09-16',78000.00,'VIZAG','Jane Supervisor','C:\\Users\\HP\\Desktop\\server\\public\\employee\\E3456789rraaasda\\ssc_certificate-E3456789rraaasda.pdf','C:\\Users\\HP\\Desktop\\server\\public\\employee\\E3456789rraaasda\\intermediate_certificate-E3456789rraaasda.pdf','C:\\Users\\HP\\Desktop\\server\\public\\employee\\E3456789rraaasda\\degree_certificate-E3456789rraaasda.pdf','C:\\Users\\HP\\Desktop\\server\\public\\employee\\E3456789rraaasda\\adhar-E3456789rraaasda.pdf','C:\\Users\\HP\\Desktop\\server\\public\\employee\\E3456789rraaasda\\pan-E3456789rraaasda.pdf','C:\\Users\\HP\\Desktop\\server\\public\\employee\\E3456789rraaasda\\bank_account-E3456789rraaasda.pdf','C:\\Users\\HP\\Desktop\\server\\public\\employee\\E3456789rraaasda\\appointment_letter-E3456789rraaasda.pdf','C:\\Users\\HP\\Desktop\\server\\public\\employee\\E3456789rraaasda\\profile_image-E3456789rraaasda.jpg','2023-09-29'),(68,'E3456789gfhfg','kkkkkkkkkkkkkkkkkkkkkkkkkkkkkkkkkkkkkkkkkkkkk','Marapalli','8179769162','qwertyuio@gmail.com','const form = event.currentTarget as HTMLFormElement;const form = event.currentTarget as HTMLFormElement;','const form = event.currentTarget as HTMLFormElement;const form = event.currentTarget as HTMLFormElement;const form = event.currentTarget as HTMLFormElement;','IT','Developer','2023-09-21',78000.00,'VIZAG','','C:\\Users\\HP\\Desktop\\server\\public\\employee\\E3456789gfhfg\\ssc_certificate-E3456789gfhfg.pdf','C:\\Users\\HP\\Desktop\\server\\public\\employee\\E3456789gfhfg\\intermediate_certificate-E3456789gfhfg.pdf','C:\\Users\\HP\\Desktop\\server\\public\\employee\\E3456789gfhfg\\degree_certificate-E3456789gfhfg.pdf','C:\\Users\\HP\\Desktop\\server\\public\\employee\\E3456789gfhfg\\adhar-E3456789gfhfg.pdf','C:\\Users\\HP\\Desktop\\server\\public\\employee\\E3456789gfhfg\\pan-E3456789gfhfg.pdf','C:\\Users\\HP\\Desktop\\server\\public\\employee\\E3456789gfhfg\\bank_account-E3456789gfhfg.pdf','C:\\Users\\HP\\Desktop\\server\\public\\employee\\E3456789gfhfg\\appointment_letter-E3456789gfhfg.pdf','C:\\Users\\HP\\Desktop\\server\\public\\employee\\E3456789gfhfg\\profile_image-E3456789gfhfg.jpg','2023-09-29'),(69,'E3456789gfhfg','kkkkkkkkkkkkkkkkkkkkkkkkkkkkkkkkkkkkkkkkkkkkk','Marapalli','8179769162','qwertyuio@gmail.com','const form = event.currentTarget as HTMLFormElement;const form = event.currentTarget as HTMLFormElement;','const form = event.currentTarget as HTMLFormElement;const form = event.currentTarget as HTMLFormElement;const form = event.currentTarget as HTMLFormElement;','IT','Developer','2023-09-16',78000.00,'VIZAG','Jane Supervisor','C:\\Users\\HP\\Desktop\\server\\public\\employee\\E3456789gfhfg\\ssc_certificate-E3456789gfhfg.pdf','C:\\Users\\HP\\Desktop\\server\\public\\employee\\E3456789gfhfg\\intermediate_certificate-E3456789gfhfg.pdf','C:\\Users\\HP\\Desktop\\server\\public\\employee\\E3456789gfhfg\\degree_certificate-E3456789gfhfg.pdf','C:\\Users\\HP\\Desktop\\server\\public\\employee\\E3456789gfhfg\\adhar-E3456789gfhfg.pdf','C:\\Users\\HP\\Desktop\\server\\public\\employee\\E3456789gfhfg\\pan-E3456789gfhfg.pdf','C:\\Users\\HP\\Desktop\\server\\public\\employee\\E3456789gfhfg\\bank_account-E3456789gfhfg.pdf','C:\\Users\\HP\\Desktop\\server\\public\\employee\\E3456789gfhfg\\appointment_letter-E3456789gfhfg.pdf','C:\\Users\\HP\\Desktop\\server\\public\\employee\\E3456789gfhfg\\profile_image-E3456789gfhfg.jpg','2023-09-15'),(70,'KEKA','kkkkkkk','Marapalli','8179769162','qwertyuio@gmail.com','ewrsdctfgvybhjnkm','ersdtfhjnkm','IT','Developer','2023-09-22',78000.00,'VIZAG','Jane Supervisor','C:\\Users\\HP\\Desktop\\server\\public\\employee\\KEKA\\ssc_certificate-KEKA.pdf','C:\\Users\\HP\\Desktop\\server\\public\\employee\\KEKA\\intermediate_certificate-KEKA.pdf','C:\\Users\\HP\\Desktop\\server\\public\\employee\\KEKA\\degree_certificate-KEKA.pdf','C:\\Users\\HP\\Desktop\\server\\public\\employee\\KEKA\\adhar-KEKA.pdf','C:\\Users\\HP\\Desktop\\server\\public\\employee\\KEKA\\pan-KEKA.pdf','C:\\Users\\HP\\Desktop\\server\\public\\employee\\KEKA\\bank_account-KEKA.pdf','C:\\Users\\HP\\Desktop\\server\\public\\employee\\KEKA\\appointment_letter-KEKA.pdf','C:\\Users\\HP\\Desktop\\server\\public\\employee\\KEKA\\profile_image-KEKA.jpg','2023-09-22'),(71,'E3456789ss','Pavan','Marapalli','8179769162','qwertyuio@gmail.com','  setContact(\"\");\r\n      setEmail(\"\");\r\n      setAddress(\"\");','setEmpId(\"\");\r\n      setFirstName(\"\");\r\n      setLastName(\"\");\r\n      setDob(\"\");\r\n      setContact(\"\");\r\n      setEmail(\"\");\r\n      setAddress(\"\");\r\n      setAdditionalInfo(\"\");\r\n      setDepartment(\"\");\r\n      setRole(\"\");\r\n      setAppointedDate(\"\");\r\n      setSalary(\"\");\r\n      setBranch(\"\");\r\n      setSupervisor(\"\");\r\n     ','IT','Developer','2023-09-16',78000.00,'VIZAG','Jane Supervisor','C:\\Users\\HP\\Desktop\\server\\public\\employee\\E3456789ss\\ssc_certificate-E3456789ss.pdf','C:\\Users\\HP\\Desktop\\server\\public\\employee\\E3456789ss\\intermediate_certificate-E3456789ss.pdf','C:\\Users\\HP\\Desktop\\server\\public\\employee\\E3456789ss\\degree_certificate-E3456789ss.pdf','C:\\Users\\HP\\Desktop\\server\\public\\employee\\E3456789ss\\adhar-E3456789ss.pdf','C:\\Users\\HP\\Desktop\\server\\public\\employee\\E3456789ss\\pan-E3456789ss.pdf','C:\\Users\\HP\\Desktop\\server\\public\\employee\\E3456789ss\\bank_account-E3456789ss.pdf','C:\\Users\\HP\\Desktop\\server\\public\\employee\\E3456789ss\\appointment_letter-E3456789ss.pdf','C:\\Users\\HP\\Desktop\\server\\public\\employee\\E3456789ss\\profile_image-E3456789ss.jpg','2023-09-28'),(72,'vamshi','Pavan','Marapalli','8179769162','qwertyuio@gmail.com','qwertyuio@gmail.comqwertyuio@gmail.comqwertyuio@gmail.com','qwertyuio@gmail.comqwertyuio@gmail.comqwertyuio@gmail.comqwertyuio@gmail.com','IT','Developer','2023-09-22',78000.00,'VIZAG','Jane Supervisor','vamshi\\ssc_certificate-vamshi.pdf','vamshi\\intermediate_certificate-vamshi.pdf','vamshi\\degree_certificate-vamshi.pdf','vamshi\\adhar-vamshi.pdf','vamshi\\pan-vamshi.pdf','vamshi\\bank_account-vamshi.pdf','vamshi\\appointment_letter-vamshi.pdf','vamshi\\profile_image-vamshi.jpg','2023-09-16'),(73,'zzz','kkkkkkkkkkkkkkkkkkkkkkkkkkkkkkkkkkkkkkkkkkkkk','Marapalli','8179769162','qwertyuio@gmail.com','public/employee/vamshi/pan-vamshi.pdfpublic/employee/vamshi/pan-vamshi.pdf','public/employee/vamshi/pan-vamshi.pdfpublic/employee/vamshi/pan-vamshi.pdf','IT','Developer','2023-09-21',78000.00,'VIZAG','Jane Supervisor','zzz\\ssc_certificate-zzz.pdf','zzz\\intermediate_certificate-zzz.pdf','zzz\\degree_certificate-zzz.pdf','zzz\\adhar-zzz.pdf','zzz\\pan-zzz.pdf','zzz\\bank_account-zzz.pdf','zzz\\appointment_letter-zzz.pdf','zzz\\profile_image-zzz.jpg','2023-09-16'),(74,'orange','kkkkkkkkkkkkkkkkkkkkkkkkkkkkkkkkkkkkkkkkkkkkk','Marapalli','8179769162','qwertyuio@gmail.com','tyguhjkmlconst saveFileAndReturnRelativePath = (file, fieldName, emp_id) => {\r\n  if (!file) {\r\n    return null;\r\n  }\r\n\r\n  const originalname = file.originalname;\r\n  const newFileName = `${fieldName}-${emp_id}${path.extname(originalname)}`;\r\n  const relativePath = `/public/employee/${emp_id}/${newFileName}`; // Construct the desired relative path\r\n\r\n  const baseDirectory = \"C:/Users/HP/Desktop/server/public/employee\";\r\n  const empDirectory = path.join(baseDirectory, emp_id);\r\n  const absolutePath = path.join(empDirectory, newFileName);\r\n\r\n  if (!fs.existsSync(empDirectory)) {\r\n    fs.mkdirSync(empDirectory, { recursive: true });\r\n  }\r\n\r\n  fs.writeFile(absolutePath, file.buffer, (err) => {\r\n    if (err) {\r\n      console.error(`Error saving ${fieldName} File:`, err);\r\n    }\r\n  });\r\n\r\n  console.log(relativePath); // Log the relative path\r\n\r\n  return relativePath;\r\n};\r\nconst saveFileAndReturnRelativePath = (file, fieldName, emp_id) => {\r\n  if (!file) {\r\n    return null;\r\n  }\r\n\r\n  const originalname = file.originalname;\r\n  const newFileName = `${fieldName}-${emp_id}${path.extname(originalname)}`;\r\n  const relativePath = `/public/employee/${emp_id}/${newFileName}`; // Construct the desired relative path\r\n\r\n  const baseDirectory = \"C:/Users/HP/Desktop/server/public/employee\";\r\n  const empDirectory = path.join(baseDirectory, emp_id);\r\n  const absolutePath = path.join(empDirectory, newFileName);\r\n\r\n  if (!fs.existsSync(empDirectory)) {\r\n    fs.mkdirSync(empDirectory, { recursive: true });\r\n  }\r\n\r\n  fs.writeFile(absolutePath, file.buffer, (err) => {\r\n    if (err) {\r\n      console.error(`Error saving ${fieldName} File:`, err);\r\n    }\r\n  });\r\n\r\n  console.log(relativePath); // Log the relative path\r\n\r\n  return relativePath;\r\n};\r\n','const saveFileAndReturnRelativePath = (file, fieldName, emp_id) => {\r\n  if (!file) {\r\n    return null;\r\n  }\r\n\r\n  const originalname = file.originalname;\r\n  const newFileName = `${fieldName}-${emp_id}${path.extname(originalname)}`;\r\n  const relativePath = `/public/employee/${emp_id}/${newFileName}`; // Construct the desired relative path\r\n\r\n  const baseDirectory = \"C:/Users/HP/Desktop/server/public/employee\";\r\n  const empDirectory = path.join(baseDirectory, emp_id);\r\n  const absolutePath = path.join(empDirectory, newFileName);\r\n\r\n  if (!fs.existsSync(empDirectory)) {\r\n    fs.mkdirSync(empDirectory, { recursive: true });\r\n  }\r\n\r\n  fs.writeFile(absolutePath, file.buffer, (err) => {\r\n    if (err) {\r\n      console.error(`Error saving ${fieldName} File:`, err);\r\n    }\r\n  });\r\n\r\n  console.log(relativePath); // Log the relative path\r\n\r\n  return relativePath;\r\n};\r\n','IT','Developer','2023-09-21',78000.00,'VIZAG','Jane Supervisor','/public/employee/orange/ssc_certificate-orange.pdf','/public/employee/orange/intermediate_certificate-orange.pdf','/public/employee/orange/degree_certificate-orange.pdf','/public/employee/orange/adhar-orange.pdf','/public/employee/orange/pan-orange.pdf','/public/employee/orange/bank_account-orange.pdf','/public/employee/orange/appointment_letter-orange.pdf','/public/employee/orange/profile_image-orange.jpg','2023-09-08'),(75,'E3456789rrkjdshafs','kkkkkkkkkkkkkkkkkkkkkkkkkkkkkkkkkkkkkkkkkkkkk','Marapalli','8179769162','qwertyuio@gmail.com','const saveFileAndReturnRelativePath = (file, fieldName, emp_id) => {\r\n  if (!file) {\r\n    return null;\r\n  }\r\n\r\n  const originalname = file.originalname;\r\n  const newFileName = `${fieldName}-${emp_id}${path.extname(originalname)}`;\r\n  const relativePath = `/public/employee/${emp_id}/${newFileName}`; // Construct the desired relative path\r\n\r\n  const baseDirectory = \"C:/Users/HP/Desktop/server/public/employee\";\r\n  const empDirectory = path.join(baseDirectory, emp_id);\r\n  const absolutePath = path.join(empDirectory, newFileName);\r\n\r\n  if (!fs.existsSync(empDirectory)) {\r\n    fs.mkdirSync(empDirectory, { recursive: true });\r\n  }\r\n\r\n  fs.writeFile(absolutePath, file.buffer, (err) => {\r\n    if (err) {\r\n      console.error(`Error saving ${fieldName} File:`, err);\r\n    }\r\n  });\r\n\r\n  console.log(relativePath); // Log the relative path\r\n\r\n  return relativePath;\r\n};\r\n','const saveFileAndReturnRelativePath = (file, fieldName, emp_id) => {\r\n  if (!file) {\r\n    return null;\r\n  }\r\n\r\n  const originalname = file.originalname;\r\n  const newFileName = `${fieldName}-${emp_id}${path.extname(originalname)}`;\r\n  const relativePath = `/public/employee/${emp_id}/${newFileName}`; // Construct the desired relative path\r\n\r\n  const baseDirectory = \"C:/Users/HP/Desktop/server/public/employee\";\r\n  const empDirectory = path.join(baseDirectory, emp_id);\r\n  const absolutePath = path.join(empDirectory, newFileName);\r\n\r\n  if (!fs.existsSync(empDirectory)) {\r\n    fs.mkdirSync(empDirectory, { recursive: true });\r\n  }\r\n\r\n  fs.writeFile(absolutePath, file.buffer, (err) => {\r\n    if (err) {\r\n      console.error(`Error saving ${fieldName} File:`, err);\r\n    }\r\n  });\r\n\r\n  console.log(relativePath); // Log the relative path\r\n\r\n  return relativePath;\r\n};\r\n','IT','Developer','2023-09-28',78000.00,'VIZAG','Jane Supervisor','/public/employee/E3456789rrkjdshafs/ssc_certificate-E3456789rrkjdshafs.pdf','/public/employee/E3456789rrkjdshafs/intermediate_certificate-E3456789rrkjdshafs.pdf','/public/employee/E3456789rrkjdshafs/degree_certificate-E3456789rrkjdshafs.pdf','/public/employee/E3456789rrkjdshafs/adhar-E3456789rrkjdshafs.pdf','/public/employee/E3456789rrkjdshafs/pan-E3456789rrkjdshafs.pdf','/public/employee/E3456789rrkjdshafs/bank_account-E3456789rrkjdshafs.pdf','/public/employee/E3456789rrkjdshafs/appointment_letter-E3456789rrkjdshafs.pdf','/public/employee/E3456789rrkjdshafs/profile_image-E3456789rrkjdshafs.jpg','2023-09-16'),(76,'PAVAN','Pavan','Marapalli','8179769162','qwertyuio@gmail.com','qwertyuio@gmail.comqwertyuio@gmail.comqwertyuio@gmail.com','qwertyuio@gmail.comqwertyuio@gmail.comqwertyuio@gmail.com','IT','Developer','2023-10-07',78000.00,'VIZAG','Jane Supervisor','/public/employee/PAVAN/ssc_certificate-PAVAN.pdf','/public/employee/PAVAN/intermediate_certificate-PAVAN.pdf','/public/employee/PAVAN/degree_certificate-PAVAN.pdf','/public/employee/PAVAN/adhar-PAVAN.pdf','/public/employee/PAVAN/pan-PAVAN.pdf','/public/employee/PAVAN/bank_account-PAVAN.pdf','/public/employee/PAVAN/appointment_letter-PAVAN.pdf','/public/employee/PAVAN/profile_image-PAVAN.jpg','2023-10-07'),(77,'PAVAN','prem kumar','ladsdihfasdv','8179769162','qwertyuio@gmail.com','Ensuring that the server is running and listening on the correct port.Ensuring that the server is running and listening on the correct port.','Ensuring that the server is running and listening on the correct port.Ensuring that the server is running and listening on the correct port.','IT','Developer','2023-10-12',78000.00,'VIZAG','Jane Supervisor','/public/employee/PAVAN/ssc_certificate-PAVAN.pdf','/public/employee/PAVAN/intermediate_certificate-PAVAN.pdf','/public/employee/PAVAN/degree_certificate-PAVAN.pdf','/public/employee/PAVAN/adhar-PAVAN.pdf','/public/employee/PAVAN/pan-PAVAN.pdf','/public/employee/PAVAN/bank_account-PAVAN.pdf','/public/employee/PAVAN/appointment_letter-PAVAN.pdf','/public/employee/PAVAN/profile_image-PAVAN.jpg','2023-10-20');
/*!40000 ALTER TABLE `employee` ENABLE KEYS */;
UNLOCK TABLES;

--
-- Table structure for table `material_groups`
--

DROP TABLE IF EXISTS `material_groups`;
/*!40101 SET @saved_cs_client     = @@character_set_client */;
/*!50503 SET character_set_client = utf8mb4 */;
CREATE TABLE `material_groups` (
  `id` varchar(20) NOT NULL,
  `name` varchar(255) NOT NULL,
  `additional_info` text,
  PRIMARY KEY (`id`)
) ENGINE=InnoDB DEFAULT CHARSET=utf8mb4 COLLATE=utf8mb4_0900_ai_ci;
/*!40101 SET character_set_client = @saved_cs_client */;

--
-- Dumping data for table `material_groups`
--

LOCK TABLES `material_groups` WRITE;
/*!40000 ALTER TABLE `material_groups` DISABLE KEYS */;
INSERT INTO `material_groups` VALUES ('GROUP-001','Building Materials','Suppliers of various construction materials.'),('GROUP-002','Solid Fuels','Suppliers of coal, wood, and other solid fuels.'),('GROUP-003','Water','Providers of clean drinking water services.'),('GROUP-004','Building materials - Reinforced structures','Suppliers of materials for reinforced concrete structures.'),('GROUP-005','Ores and Minerals','Miners and suppliers of ores and minerals.'),('GROUP-006','Soil and Rock','Providers of soil and rock excavation services.');
/*!40000 ALTER TABLE `material_groups` ENABLE KEYS */;
UNLOCK TABLES;
/*!50003 SET @saved_cs_client      = @@character_set_client */ ;
/*!50003 SET @saved_cs_results     = @@character_set_results */ ;
/*!50003 SET @saved_col_connection = @@collation_connection */ ;
/*!50003 SET character_set_client  = cp850 */ ;
/*!50003 SET character_set_results = cp850 */ ;
/*!50003 SET collation_connection  = cp850_general_ci */ ;
/*!50003 SET @saved_sql_mode       = @@sql_mode */ ;
/*!50003 SET sql_mode              = 'ONLY_FULL_GROUP_BY,STRICT_TRANS_TABLES,NO_ZERO_IN_DATE,NO_ZERO_DATE,ERROR_FOR_DIVISION_BY_ZERO,NO_ENGINE_SUBSTITUTION' */ ;
DELIMITER ;;
/*!50003 CREATE*/ /*!50017 DEFINER=`root`@`localhost`*/ /*!50003 TRIGGER `before_insert_material_groups` BEFORE INSERT ON `material_groups` FOR EACH ROW BEGIN
  DECLARE next_serial INT;
  SET next_serial = (SELECT IFNULL(MAX(CAST(SUBSTRING(id, 7) AS SIGNED)), 0) + 1 FROM material_groups);
  SET NEW.id = CONCAT('GROUP-', LPAD(next_serial, 3, '0'));
END */;;
DELIMITER ;
/*!50003 SET sql_mode              = @saved_sql_mode */ ;
/*!50003 SET character_set_client  = @saved_cs_client */ ;
/*!50003 SET character_set_results = @saved_cs_results */ ;
/*!50003 SET collation_connection  = @saved_col_connection */ ;

--
-- Table structure for table `subgroup`
--

DROP TABLE IF EXISTS `subgroup`;
/*!40101 SET @saved_cs_client     = @@character_set_client */;
/*!50503 SET character_set_client = utf8mb4 */;
CREATE TABLE `subgroup` (
  `id` int NOT NULL AUTO_INCREMENT,
  `name` varchar(200) DEFAULT NULL,
  `prefix` varchar(100) DEFAULT NULL,
  `additional_info` text,
  `group_id` varchar(100) NOT NULL,
  PRIMARY KEY (`id`),
  KEY `group_id` (`group_id`),
  CONSTRAINT `subgroup_ibfk_1` FOREIGN KEY (`group_id`) REFERENCES `material_groups` (`id`)
) ENGINE=InnoDB AUTO_INCREMENT=30 DEFAULT CHARSET=utf8mb4 COLLATE=utf8mb4_0900_ai_ci;
/*!40101 SET character_set_client = @saved_cs_client */;

--
-- Dumping data for table `subgroup`
--

LOCK TABLES `subgroup` WRITE;
/*!40000 ALTER TABLE `subgroup` DISABLE KEYS */;
INSERT INTO `subgroup` VALUES (1,'Admixtures','ADMX','','GROUP-001'),(2,'Cement OPC','OPC','','GROUP-001'),(5,'Cement (OPC,PPC,PSC,SRPC)','','','GROUP-001'),(6,'Cement (OCP,PSC)','','','GROUP-001'),(7,'Cement (OPC,SRPC)','','','GROUP-001'),(8,'Cement (OPC,PPC,PSP,SRPC)','','','GROUP-001'),(9,'Cement (PSC)','','','GROUP-001'),(10,'cOARSE aGGREGATES','','','GROUP-001'),(11,'Fine Aggregates','','','GROUP-001'),(12,'Ground Granulated Blast Furnance Slag','','','GROUP-001'),(13,'Gypsum (Mineral and Chemical )','','','GROUP-001'),(14,'Gypsum Plaster','','','GROUP-001'),(15,'Hardened Mortar and Concrete','','','GROUP-001'),(16,'Hardened Concrete','','','GROUP-001'),(17,'Pozzolanic Material (Fly ash/ Silica Fume)','','','GROUP-001'),(18,'Pozzolanic Material (Fly ash)','','','GROUP-001'),(19,'Limestone','','','GROUP-001'),(21,'Coal','','','GROUP-002'),(22,'Construction Water','','','GROUP-003'),(23,'Drinking Water','','','GROUP-003'),(24,'Bitumen','','','GROUP-001'),(25,'Bitumen/Bituminous Emulsion','','','GROUP-001'),(26,'Brunt clay Building bricks','','','GROUP-001'),(27,'Brunt clay Fly ash Building Bricks','','','GROUP-001'),(28,'Ceramic Tiles','','','GROUP-001'),(29,'Concrete Paving Blocks','','','GROUP-001');
/*!40000 ALTER TABLE `subgroup` ENABLE KEYS */;
UNLOCK TABLES;

--
-- Table structure for table `test`
--

DROP TABLE IF EXISTS `test`;
/*!40101 SET @saved_cs_client     = @@character_set_client */;
/*!50503 SET character_set_client = utf8mb4 */;
CREATE TABLE `test` (
  `id` int NOT NULL AUTO_INCREMENT,
  `test_name` varchar(250) NOT NULL,
  `requirements` text,
  `price` int DEFAULT NULL,
  `method` varchar(50) DEFAULT NULL,
  `discipline` varchar(20) DEFAULT NULL,
  `nabl_status` tinyint(1) DEFAULT NULL,
  `units` varchar(50) DEFAULT NULL,
  `additional_info` text,
  `sub_group` int DEFAULT NULL,
  PRIMARY KEY (`id`),
  KEY `sub_group` (`sub_group`),
  CONSTRAINT `test_ibfk_1` FOREIGN KEY (`sub_group`) REFERENCES `subgroup` (`id`)
) ENGINE=InnoDB AUTO_INCREMENT=35 DEFAULT CHARSET=utf8mb4 COLLATE=utf8mb4_0900_ai_ci;
/*!40101 SET character_set_client = @saved_cs_client */;

--
-- Dumping data for table `test`
--

LOCK TABLES `test` WRITE;
/*!40000 ALTER TABLE `test` DISABLE KEYS */;
INSERT INTO `test` VALUES (1,'Ash Content','',4000,'IS 9103','CHEMICAL',1,'','',1),(2,'Chloride ion content','',0,'','CHEMICAL',1,'','',1),(3,'Dry material content','',5000,'','CHEMICAL',1,'','',1),(4,'pH','',70100,'','CHEMICAL',1,'','',1),(5,'Relative Density','',762,'','CHEMICAL',1,'','',1),(6,'Alkalis as Na20','',0,'','CHEMICAL',1,'','',2),(7,'Chlorides as cl','',5552,'','CHEMICAL',1,'','',2),(8,'Calcium Oxide as CaO','',7518,'','CHEMICAL',1,'','',5),(9,'Insoluable Residue','',7894,'','CHEMICAL',1,'','',5),(10,'Loss on ignision','',781,'','CHEMICAL',1,'','',5),(11,'Manganese Oxiude as MnO','',45678,'','CHEMICAL',1,'','',5),(12,'Sulfuric Anhydride as SO3','',7453,'','CHEMICAL',1,'','',5),(13,'Manganese Oxide as MnO','',34567,'','CHEMICAL',1,'','',6),(14,'Alumina as AI203','',544551,'','CHEMICAL',1,'','',7),(15,'Ferric Oxide as Fe203','',4752,'','CHEMICAL',1,'','',7),(16,'Silica content as SiO2','',3456,'','CHEMICAL',1,'','',8),(17,'Sulphide Sulphur','',4567,'','CHEMICAL',1,'','',9),(18,'Alkali Aggregate Reactivity Reduction in alkalinity of 1.0 N NaOH RC','',3456,'','CHEMICAL',1,'','',10),(19,'clorides as cl','',5678,'','CHEMICAL',1,'','',10),(20,'Silica Dissolved SC','',4567,'','CHEMICAL',1,'','',10),(21,'Sulphate content as SO3','',23456,'','CHEMICAL',1,'','',10),(22,'Alkalinity Aggregate Reactivity Reduction in alkality of 1.0 N NaOH RC','',4567,'','CHEMICAL',1,'','',11),(23,'Chlorides as cl','',34567,'','CHEMICAL',1,'','',11),(24,'Silica Dissolved SC','',23456,'','CHEMICAL',1,'','',11),(25,'Sulphate content as SO3','',3456,'','CHEMICAL',1,'','',11),(26,'Alumina as Al2O3','',456,'','CHEMICAL',1,'','',11),(27,'Sulphide Sulphur as S','',4567,'','CHEMICAL',1,'','',12),(28,'Compressive Strength','',7853,'','PHYSICAL',1,'','',5),(29,'Density','',34567,'','PHYSICAL',1,'','',5),(30,'Fitness by Blaine Air Permiability method','',345678,'','PHYSICAL',1,'','',5),(31,'initial setting time','',4567,'','PHYSICAL',1,'','',5),(32,'setting time final','',56789,'','PHYSICAL',1,'','',5),(33,'Soundness (by le chatelier method)','',4567,'','PHYSICAL',1,'','',5),(34,'standard consistency ','',34567,'','PHYSICAL',1,'','',5);
/*!40000 ALTER TABLE `test` ENABLE KEYS */;
UNLOCK TABLES;
/*!40103 SET TIME_ZONE=@OLD_TIME_ZONE */;

/*!40101 SET SQL_MODE=@OLD_SQL_MODE */;
/*!40014 SET FOREIGN_KEY_CHECKS=@OLD_FOREIGN_KEY_CHECKS */;
/*!40014 SET UNIQUE_CHECKS=@OLD_UNIQUE_CHECKS */;
/*!40101 SET CHARACTER_SET_CLIENT=@OLD_CHARACTER_SET_CLIENT */;
/*!40101 SET CHARACTER_SET_RESULTS=@OLD_CHARACTER_SET_RESULTS */;
/*!40101 SET COLLATION_CONNECTION=@OLD_COLLATION_CONNECTION */;
/*!40111 SET SQL_NOTES=@OLD_SQL_NOTES */;

-- Dump completed on 2023-10-09 12:34:44
